performance_technology,1.727685793129698353791987820
performance_technology,1.727685793129698353791987820
performance_technology,1.727685793129698353791987820
performance_technology,1.727685793129698353791987820
performance_technology,1.727685793129698353791987820
performance_technology,1.727685793129698353791987820
performance_technology,1.727685793129698353791987820
performance_technology,1.727685793129698353791987820
performance_technology,1.727685793129698353791987820
performance_technology,1.727685793129698353791987820
performance_technology,1.727685793129698353791987820
performance_technology,1.727685793129698353791987820
performance_technology,1.727685793129698353791987820
performance_technology,1.727685793129698353791987820
performance_technology,1.727685793129698353791987820
performance_technology,1.727685793129698353791987820
performance_technology,1.727685793129698353791987820
performance_technology,1.727685793129698353791987820
performance_technology,1.727685793129698353791987820
performance_technology,1.727685793129698353791987820
performance_technology,1.727685793129698353791987820
performance_technology,1.727685793129698353791987820
performance_technology,1.727685793129698353791987820
performance_technology,1.727685793129698353791987820
performance_technology,1.727685793129698353791987820
performance_technology,1.727685793129698353791987820
performance_technology,1.727685793129698353791987820
performance_technology,1.727685793129698353791987820
performance_technology,1.727685793129698353791987820
performance_technology,1.727685793129698353791987820
performance_technology,1.727685793129698353791987820
performance_technology,1.727685793129698353791987820
performance_technology,1.727685793129698353791987820
performance_technology,1.727685793129698353791987820
performance_technology,1.727685793129698353791987820
performance_technology,1.727685793129698353791987820
performance_technology,1.727685793129698353791987820
performance_technology,1.727685793129698353791987820
performance_technology,1.727685793129698353791987820
performance_technology,1.727685793129698353791987820
performance_technology,1.727685793129698353791987820
performance_technology,1.727685793129698353791987820
performance_technology,1.727685793129698353791987820
performance_technology,1.727685793129698353791987820
performance_technology,1.727685793129698353791987820
performance_technology,1.727685793129698353791987820
performance_technology,1.727685793129698353791987820
performance_technology,1.727685793129698353791987820
performance_technology,1.727685793129698353791987820
performance_technology,1.727685793129698353791987820
performance_technology,1.727685793129698353791987820
performance_technology,1.727685793129698353791987820
performance_technology,1.727685793129698353791987820
performance_technology,1.727685793129698353791987820
performance_technology,1.727685793129698353791987820
performance_technology,1.727685793129698353791987820
performance_technology,1.727685793129698353791987820
performance_technology,1.727685793129698353791987820
performance_technology,1.727685793129698353791987820
performance_technology,1.727685793129698353791987820
performance_technology,1.727685793129698353791987820
performance_technology,1.727685793129698353791987820
performance_technology,1.727685793129698353791987820
performance_technology,1.727685793129698353791987820
performance_technology,1.727685793129698353791987820
performance_technology,1.727685793129698353791987820
performance_technology,1.727685793129698353791987820
performance_technology,1.727685793129698353791987820
performance_technology,1.727685793129698353791987820
performance_technology,1.727685793129698353791987820
performance_technology,1.727685793129698353791987820
performance_technology,1.727685793129698353791987820
performance_technology,1.727685793129698353791987820
performance_technology,1.727685793129698353791987820
performance_technology,1.727685793129698353791987820
performance_technology,1.727685793129698353791987820
performance_technology,1.727685793129698353791987820
performance_technology,1.727685793129698353791987820
performance_technology,1.727685793129698353791987820
performance_technology,1.727685793129698353791987820
performance_technology,1.727685793129698353791987820
performance_technology,1.727685793129698353791987820
performance_technology,1.727685793129698353791987820
performance_technology,1.727685793129698353791987820
performance_technology,1.727685793129698353791987820
performance_technology,1.727685793129698353791987820
performance_technology,1.727685793129698353791987820
performance_technology,1.727685793129698353791987820
performance_technology,1.727685793129698353791987820
performance_technology,1.727685793129698353791987820
performance_technology,1.727685793129698353791987820
performance_technology,1.727685793129698353791987820
performance_technology,1.727685793129698353791987820
performance_technology,1.727685793129698353791987820
performance_technology,1.727685793129698353791987820
performance_technology,1.727685793129698353791987820
performance_technology,1.727685793129698353791987820
performance_technology,1.727685793129698353791987820
performance_technology,1.727685793129698353791987820
performance_technology,1.727685793129698353791987820
performance_technology,1.727685793129698353791987820
performance_technology,1.727685793129698353791987820
performance_technology,1.727685793129698353791987820
performance_technology,1.727685793129698353791987820
performance_technology,1.727685793129698353791987820
